Sample No.,87Rb.86Sr,87Sr.86Sr
1,0.336,0.71395
2,0.133,0.70665
3,0.234,0.71038
4,0.352,0.7144
5,0.074,0.70458
6,0.297,0.71221
7,0.149,0.70757
8,0.488,0.71901
9,0.133,0.70683
10,0.266,0.71149
11,0.114,0.70594
12,0.429,0.71717